,p5,p25,p50,p75,p95
1205.8837890625,1205.8837890625,1205.8837890625,1205.8837890625,1205.8837890625,1205.8837890625
2025-01-31 00:00:00,1070.2416836589719,1158.441060756841,1221.7125023267977,1290.8063563378676,1388.4512889999605
2025-02-28 00:00:00,1027.006418936761,1143.4074063418925,1238.9295442320067,1341.7016762468156,1498.1291115750284
2025-03-31 00:00:00,1000.8636388030241,1142.667365731516,1253.331600971744,1385.793986820792,1587.4052358540384
2025-04-30 00:00:00,978.0352720170395,1143.336051901793,1276.7640577133784,1430.4333619745382,1668.6857150198502
2025-05-31 00:00:00,957.512177006674,1141.6736999935742,1294.1156936755606,1468.112646571128,1744.9918222159615
2025-06-30 00:00:00,951.933716457601,1152.9075179568206,1310.5892379845611,1501.1433726082164,1832.2128699036687
2025-07-31 00:00:00,932.2932910316534,1155.108332053111,1328.8532131872298,1533.1802382329292,1901.2594634809489
2025-08-31 00:00:00,923.0751287256237,1159.1674036360412,1348.2295069061886,1577.9349384102322,1973.7146607629445
2025-09-30 00:00:00,921.3711464095849,1168.346751814462,1373.0114175306396,1619.4172164372276,2063.5023148683267
2025-10-31 00:00:00,914.5614047508699,1174.7171831631501,1388.5526663142768,1647.8657742353157,2133.650118455538
2025-11-30 00:00:00,911.7298850811094,1183.0946981775073,1407.2532073155198,1690.8755863966048,2209.2520364546444
2025-12-31 00:00:00,909.7040951060246,1184.1067460324844,1434.3592216241377,1723.198551343085,2276.0011805012223
2026-01-31 00:00:00,903.0449576398017,1189.8962881069037,1450.6333528682962,1770.969318838064,2335.2398457006257
2026-02-28 00:00:00,900.5837529782063,1199.152515662355,1470.922760786581,1806.6419979564814,2428.6322846174903
2026-03-31 00:00:00,899.3587499850412,1202.6922540549422,1498.2437519654682,1847.9907045525651,2519.0961222546975
2026-04-30 00:00:00,894.1510108156551,1215.9663632017628,1515.8828117877783,1890.261406030971,2577.0364697230493
2026-05-31 00:00:00,887.5751851355895,1221.1531507700422,1530.834776639124,1938.0504522404167,2630.1722325823575
2026-06-30 00:00:00,891.3774359732298,1228.1838226294208,1554.505461347438,1962.7708538647764,2723.588979418834
2026-07-31 00:00:00,894.7246085831017,1243.2898952752685,1577.3866298371756,1994.8787865857494,2794.9020582728554
2026-08-31 00:00:00,886.601921681687,1247.8744487416914,1605.9209900335543,2049.1852011652054,2870.164808779308
2026-09-30 00:00:00,891.7732529322677,1257.2099446404197,1622.2755924383287,2090.9812892119485,2959.345386526634
2026-10-31 00:00:00,892.4622025320965,1265.8794338699147,1641.7633088504424,2131.938105118928,3054.2956193349623
2026-11-30 00:00:00,897.6263660518252,1277.653177178806,1670.511767305127,2176.334975263719,3125.9661835013435
2026-12-31 00:00:00,892.2643386905312,1295.3627963143558,1708.2804870181185,2212.118884707767,3245.9566151877975
2027-01-31 00:00:00,891.8758563004461,1306.3267262958664,1719.3960999700157,2261.433580297371,3358.544964495888
2027-02-28 00:00:00,895.412928839262,1321.8714376152295,1756.0044681032596,2286.709060139675,3448.10460488051
2027-03-31 00:00:00,900.8145725983348,1343.829807049705,1769.7506031005287,2334.1561047435375,3540.3375613783764
2027-04-30 00:00:00,912.9473834051681,1351.5219775000205,1792.049844855299,2381.3832345717865,3668.339752316948
2027-05-31 00:00:00,920.6310439403752,1372.9733939715295,1825.5071722757539,2424.578401247708,3801.8379734290625
2027-06-30 00:00:00,911.470590216004,1384.3368027395895,1847.6450202615808,2468.2345626035185,3840.848515706225
2027-07-31 00:00:00,916.2848981670081,1395.3034708273274,1879.8783496711098,2527.976770379275,3927.5984189043456
2027-08-31 00:00:00,919.885267930549,1403.489289756694,1910.2776059552643,2576.1411028807397,4079.32158125555
2027-09-30 00:00:00,929.5226510538077,1420.619916431092,1947.3090378697934,2619.775597092218,4213.116947846776
2027-10-31 00:00:00,921.6424517311706,1432.9940811650913,1973.1400539809085,2681.180955344612,4364.605213271272
2027-11-30 00:00:00,924.4452628852936,1458.90966256236,2005.3977755211063,2739.0316155880346,4416.651322860287
2027-12-31 00:00:00,928.3411913807107,1465.066257775809,2032.045387157507,2779.91903824995,4539.308137509583
2028-01-31 00:00:00,932.0540688523678,1482.813148570734,2060.9645865184702,2831.13677867088,4604.737301246832
2028-02-29 00:00:00,939.009835813335,1494.1566191811773,2074.5482298729466,2883.795402592503,4779.711200523305
2028-03-31 00:00:00,929.3945061713126,1498.18746003362,2102.4287953779253,2939.2225461367625,4932.8866768741655
2028-04-30 00:00:00,935.8146267581897,1530.2752686205738,2141.8136247056764,2983.3997870022013,4930.677311471344
2028-05-31 00:00:00,939.8878357705322,1539.6820725561624,2161.517765273372,3055.3512421156,5128.6508785589895
2028-06-30 00:00:00,943.4970428380923,1556.189767126219,2198.9105606166213,3105.350114575051,5314.487865302928
2028-07-31 00:00:00,940.2966385988722,1584.123453346434,2233.354368136127,3184.0595781562843,5366.632940427487
2028-08-31 00:00:00,947.7264079498243,1607.3127719842334,2289.5313352849307,3244.4351080698066,5622.710128367656
2028-09-30 00:00:00,941.8482583557646,1622.2793928854746,2330.942598872492,3320.3374062165403,5754.028338375569
2028-10-31 00:00:00,947.1059965412953,1630.8165067131686,2360.433615615593,3386.9275191743873,5878.004677496251
2028-11-30 00:00:00,938.3313590940327,1651.0127024548021,2382.171802678642,3465.116580400035,5982.203648102324
2028-12-31 00:00:00,946.7001433429125,1657.0831008650339,2432.4779877690157,3498.843995614411,6190.241780959402
2029-01-31 00:00:00,948.8434883251266,1692.8202274833802,2470.593548453947,3581.666618470536,6331.3489041293105
2029-02-28 00:00:00,947.8650136663413,1713.5986083296639,2501.964216251623,3660.8732346654724,6498.462600568761
2029-03-31 00:00:00,951.7843756908634,1732.4243188761134,2549.7465240577894,3724.690317500227,6724.715690423333
2029-04-30 00:00:00,971.8305360845867,1752.3821784608251,2592.1863872887648,3826.326295354232,6865.2702887556015
2029-05-31 00:00:00,954.9335300770615,1776.6807878514637,2625.0928935022807,3908.939130243128,6941.80800630219
2029-06-30 00:00:00,973.5018088266829,1776.0170980976977,2646.0355564884617,3988.032458952426,7182.365622165938
2029-07-31 00:00:00,985.4227320288735,1782.4871211029654,2696.742732591356,4046.047840359488,7482.858601096935
2029-08-31 00:00:00,995.0858341475489,1810.9965280528495,2739.6624116866083,4138.829891559288,7567.629125329947
2029-09-30 00:00:00,992.0952388803212,1832.5457598541507,2755.739474474034,4173.188747441964,7780.57159216834
2029-10-31 00:00:00,1012.4222108392065,1857.0912104530662,2803.5552776971963,4225.802761844646,7987.145024267567
2029-11-30 00:00:00,1012.6086387134286,1875.1463516435729,2884.4229831759862,4327.11303613063,8162.754757800289
2029-12-31 00:00:00,1021.164949573617,1895.5725318630627,2917.492732178266,4407.843764023933,8327.700404115969
2030-01-31 00:00:00,1016.2421857424014,1915.8631194063225,2939.3487473609207,4490.111172576012,8559.355513349694
2030-02-28 00:00:00,1040.4999825858156,1939.145660330542,2996.3223160214256,4547.975568896413,8768.010312235387
2030-03-31 00:00:00,1041.5201158376299,1959.3602871410117,3031.901931712535,4642.368605765505,8938.624235259496
2030-04-30 00:00:00,1045.2854128344884,1982.086214403218,3094.0412836775204,4774.708586551079,9150.424005400619
2030-05-31 00:00:00,1062.823730078678,2001.3064789778145,3117.4128278967437,4834.6633845711485,9401.566199278033
2030-06-30 00:00:00,1050.3874403154975,2021.6126629207065,3153.530317618719,4907.318949507093,9617.482864054422
2030-07-31 00:00:00,1047.365821455937,2062.8358855566885,3200.7093592069714,5008.763814839337,9910.703945129702
2030-08-31 00:00:00,1071.8369392054326,2064.856842079361,3254.5189792954734,5071.581248080355,10191.75047521504
2030-09-30 00:00:00,1074.1379939842425,2088.2370168428215,3274.6638050395186,5207.945101320422,10582.408125033351
2030-10-31 00:00:00,1100.424544519276,2127.928017791296,3327.390795778051,5267.798086477434,10525.89353561888
2030-11-30 00:00:00,1100.095718090729,2156.7629888700512,3370.1037703494776,5368.336312155474,10785.143393305585
2030-12-31 00:00:00,1097.6375661424931,2175.408704034995,3427.9706573605336,5466.8221000564245,10945.587222163313
2031-01-31 00:00:00,1126.1113906646485,2216.145144133039,3482.6395188970073,5628.602591978117,11253.451148101425
2031-02-28 00:00:00,1125.050589199404,2228.5634371473006,3551.0105827833795,5747.688197060675,11738.803326507568
2031-03-31 00:00:00,1121.2995554737076,2256.9621440765695,3596.5934167248993,5887.744781388776,11966.367765949659
2031-04-30 00:00:00,1145.8524809691703,2271.3488588797563,3669.164671083834,5990.713615093284,12138.31118251005
2031-05-31 00:00:00,1149.874564907606,2277.182951374223,3734.336512288942,6073.5639989896345,12295.899723951114
2031-06-30 00:00:00,1151.2472200540253,2308.4241858133014,3769.9887441278793,6126.672346713857,12628.852956860515
2031-07-31 00:00:00,1164.761827631185,2332.9190301693557,3818.4903086730283,6200.734957399392,12772.627972438906
2031-08-31 00:00:00,1172.0833818309923,2377.8130349942735,3847.110862272649,6412.414447316154,13053.908445323506
2031-09-30 00:00:00,1187.576536648198,2414.053345836296,3881.642102460413,6526.123604461476,13325.422663056841
2031-10-31 00:00:00,1207.0153454774672,2419.828471782067,3963.8697158674154,6657.499145362113,13600.80876717315
2031-11-30 00:00:00,1211.4191755556594,2466.8544852188343,4033.6870702635842,6790.078224051883,14008.488527353704
2031-12-31 00:00:00,1213.6693204406154,2490.9717988841135,4065.383620348689,6921.243212160967,14543.6393010856
2032-01-31 00:00:00,1248.7996810378556,2517.7124106933716,4139.878594902738,7024.672847904787,14819.249438108212
2032-02-29 00:00:00,1225.335240503034,2561.5735251772885,4192.1126391773,7138.92920955135,14909.0183780596
2032-03-31 00:00:00,1232.5265755730406,2583.0459787726286,4221.942943582559,7226.8075561119,14880.639191789038
2032-04-30 00:00:00,1232.839373400885,2608.3460907987674,4330.4617887034765,7363.611126534168,15249.51568816482
2032-05-31 00:00:00,1231.8435048403644,2624.363885597536,4369.060699686588,7491.544203983637,15540.680063610473
2032-06-30 00:00:00,1231.7718987305327,2671.861283555485,4457.784578723405,7642.152290651004,16122.550033563737
2032-07-31 00:00:00,1234.0069994110027,2714.092207800868,4506.642267729298,7779.903925751061,16719.52280163434
2032-08-31 00:00:00,1250.4319659251805,2733.0471267397825,4557.882005028168,7869.643687471672,17093.18719722597
2032-09-30 00:00:00,1255.2657391859084,2746.569587205013,4636.612440313422,8086.650557902086,17380.688219482443
2032-10-31 00:00:00,1291.2898668456446,2777.474647561239,4725.208025057607,8094.237466694561,17629.880045977134
2032-11-30 00:00:00,1278.2873845187476,2841.327319786476,4812.435640701349,8289.404315073203,18109.895324090736
2032-12-31 00:00:00,1332.4440005907263,2878.7208898221265,4859.632608641947,8451.027712475709,18346.016128152674
2033-01-31 00:00:00,1354.5493108905528,2901.716248167421,4944.904245356837,8602.7994235871,18699.31488939872
2033-02-28 00:00:00,1373.4074058915787,2929.873355528698,4993.192377475245,8704.983515477632,19335.995700308064
2033-03-31 00:00:00,1385.6958878135106,2958.5731562040296,5055.038568946744,8860.836157233318,20084.64894516762
2033-04-30 00:00:00,1378.902700464033,2993.41414584878,5090.664385684486,8953.05995663093,20444.573397352546
2033-05-31 00:00:00,1413.6176929924065,3018.0307976199165,5171.088323279046,9113.01388106366,20527.914620731364
2033-06-30 00:00:00,1417.3709136125794,3053.7553829303833,5238.931001280231,9278.892063746074,21131.78173640826
2033-07-31 00:00:00,1401.8592661830933,3106.7301733592785,5338.916967132183,9443.715141516457,21630.106293433462
2033-08-31 00:00:00,1422.5185064244808,3172.3868257263266,5386.024291698592,9577.063641437084,21871.034190901046
2033-09-30 00:00:00,1443.9762625288806,3198.284063866737,5458.52395862794,9763.499903953652,22109.453144552423
2033-10-31 00:00:00,1418.5043278308067,3230.0618816690976,5576.279777250398,9908.747324041553,22414.543430385405
2033-11-30 00:00:00,1433.9799124294188,3277.5462021809103,5687.827987375587,10011.961002788374,22875.075737247975
2033-12-31 00:00:00,1465.8762645507468,3347.093042394567,5790.5849588432775,10242.408640037367,23364.767813715756
2034-01-31 00:00:00,1477.7205843548775,3370.923271163816,5806.1199499779195,10463.965473254859,23690.39884812425
2034-02-28 00:00:00,1489.8771480173073,3432.7220208570816,5941.360359860826,10601.139462566476,24402.742212601905
2034-03-31 00:00:00,1492.9327882856708,3456.312031580382,6033.774206367645,10799.441161496896,24965.775078116927
2034-04-30 00:00:00,1543.852196718574,3524.2660535055797,6127.923528424469,10974.516067146658,25893.492845676745
2034-05-31 00:00:00,1542.7681357582983,3547.5182826284563,6240.574145901795,11236.773850927013,26113.048179791556
2034-06-30 00:00:00,1539.443734866513,3602.924109146187,6283.284187267379,11405.8670143013,26729.936101601157
2034-07-31 00:00:00,1570.8202505562338,3642.7127848566192,6366.73988589694,11595.156043654611,27283.326235717937
2034-08-31 00:00:00,1578.9812623300418,3650.957194338179,6452.138970021262,11838.272030566519,27704.863463553196
2034-09-30 00:00:00,1611.8339862449907,3685.471837007771,6534.8905458219615,12021.742430061246,28225.504793317392
2034-10-31 00:00:00,1590.9063755489117,3749.2206403449068,6649.073144622838,12293.301728491228,28664.03198662488
2034-11-30 00:00:00,1589.484997234577,3795.6750973537237,6783.469738180843,12502.083427508001,29765.60283362073
2034-12-31 00:00:00,1647.273751639565,3848.093591015888,6788.723013662335,12769.422464224368,30607.46313384441
